{"name":"5bbb5f1e-7906-4afa-af6f-6074f4a3e617","id":"/providers/Microsoft.Flow/flows/5bbb5f1e-7906-4afa-af6f-6074f4a3e617","type":"Microsoft.Flow/flows","properties":{"apiId":"/providers/Microsoft.PowerApps/apis/shared_logicflows","displayName":"Power-N-Apps PDF Demo","definition":{"metadata":{"workflowEntityId":null,"creator":{"id":"4938a8f3-b717-46cd-825c-db004d0829a3","type":"User","tenantId":"1f9dd2c8-37b8-4f22-a0fd-6f20f116e3db"},"provisioningMethod":"FromDefinition","failureAlertSubscription":true,"clientLastModifiedTime":"2018-12-05T05:19:34.1592991Z"},"$schema":"https://schema.management.azure.com/providers/Microsoft.Logic/schemas/2016-06-01/workflowdefinition.json#","contentVersion":"1.0.0.0","parameters":{"$connections":{"defaultValue":{},"type":"Object"},"$authentication":{"defaultValue":{},"type":"SecureObject"}},"triggers":{"manual":{"type":"Request","kind":"PowerApp","inputs":{"schema":{"type":"object","required":["Getfilecontent_FileIdentifier"],"properties":{"Getfilecontent_FileIdentifier":{"type":"string","description":"Select a file.","x-ms-powerflows-param-ispartial":false}}}}}},"actions":{"Get_file_content":{"runAfter":{"Get_file_metadata":["Succeeded"]},"metadata":{"flowSystemMetadata":{"swaggerOperationId":"GetFileContent"}},"type":"ApiConnection","inputs":{"host":{"api":{"runtimeUrl":"https://india-001.azure-apim.net/apim/sharepointonline"},"connection":{"name":"@json(decodeBase64(triggerOutputs().headers['X-MS-APIM-Tokens']))['$connections']['shared_sharepointonline']['connectionId']"}},"method":"get","path":"/datasets/@{encodeURIComponent(encodeURIComponent('https://apijedi.sharepoint.com/sites/ThatAPIGuy'))}/files/@{encodeURIComponent(triggerBody()['Getfilecontent_FileIdentifier'])}/content","queries":{"inferContentType":true},"authentication":{"type":"Raw","value":"@json(decodeBase64(triggerOutputs().headers['X-MS-APIM-Tokens']))['$ConnectionKey']"}}},"Convert_file":{"runAfter":{"Create_file_2":["Succeeded"]},"metadata":{"flowSystemMetadata":{"swaggerOperationId":"ConvertFile"}},"type":"ApiConnection","inputs":{"host":{"api":{"runtimeUrl":"https://india-001.azure-apim.net/apim/onedriveforbusiness"},"connection":{"name":"@json(decodeBase64(triggerOutputs().headers['X-MS-APIM-Tokens']))['$connections']['shared_onedriveforbusiness']['connectionId']"}},"method":"get","path":"/datasets/default/files/@{encodeURIComponent(encodeURIComponent(body('Create_file_2')?['Id']))}/convert","queries":{"type":"PDF"},"authentication":{"type":"Raw","value":"@json(decodeBase64(triggerOutputs().headers['X-MS-APIM-Tokens']))['$ConnectionKey']"}}},"Create_file_2":{"runAfter":{"Get_file_content":["Succeeded"]},"metadata":{"flowSystemMetadata":{"swaggerOperationId":"CreateFile"}},"type":"ApiConnection","inputs":{"host":{"api":{"runtimeUrl":"https://india-001.azure-apim.net/apim/onedriveforbusiness"},"connection":{"name":"@json(decodeBase64(triggerOutputs().headers['X-MS-APIM-Tokens']))['$connections']['shared_onedriveforbusiness']['connectionId']"}},"method":"post","body":"@body('Get_file_content')","path":"/datasets/default/files","queries":{"folderPath":"/TEMPORARY PDFs","name":"Temp. @{body('Get_file_metadata')?['DisplayName']}"},"authentication":{"type":"Raw","value":"@json(decodeBase64(triggerOutputs().headers['X-MS-APIM-Tokens']))['$ConnectionKey']"}},"runtimeConfiguration":{"contentTransfer":{"transferMode":"Chunked"}}},"Respond_to_PowerApps":{"runAfter":{"Create_share_link":["Succeeded"]},"type":"Response","kind":"PowerApp","inputs":{"statusCode":200,"body":{"pdf_file":"@body('Create_share_link')?['WebUrl']"},"schema":{"type":"object","properties":{"pdf_file":{"title":"PDF_File","type":"string","x-ms-dynamically-added":true}}}}},"Create_file":{"runAfter":{"Convert_file":["Succeeded"]},"metadata":{"flowSystemMetadata":{"swaggerOperationId":"CreateFile"}},"type":"ApiConnection","inputs":{"host":{"api":{"runtimeUrl":"https://india-001.azure-apim.net/apim/onedriveforbusiness"},"connection":{"name":"@json(decodeBase64(triggerOutputs().headers['X-MS-APIM-Tokens']))['$connections']['shared_onedriveforbusiness']['connectionId']"}},"method":"post","body":"@body('Convert_file')","path":"/datasets/default/files","queries":{"folderPath":"/TEMPORARY PDFs","name":"@base64ToString(outputs('Convert_file')['headers']['x-ms-file-name'])"},"authentication":{"type":"Raw","value":"@json(decodeBase64(triggerOutputs().headers['X-MS-APIM-Tokens']))['$ConnectionKey']"}},"runtimeConfiguration":{"contentTransfer":{"transferMode":"Chunked"}}},"Create_share_link":{"runAfter":{"Create_file":["Succeeded"]},"metadata":{"flowSystemMetadata":{"swaggerOperationId":"CreateShareLink"}},"type":"ApiConnection","inputs":{"host":{"api":{"runtimeUrl":"https://india-001.azure-apim.net/apim/onedriveforbusiness"},"connection":{"name":"@json(decodeBase64(triggerOutputs().headers['X-MS-APIM-Tokens']))['$connections']['shared_onedriveforbusiness']['connectionId']"}},"method":"post","path":"/datasets/default/files/@{encodeURIComponent(encodeURIComponent(body('Create_file')?['Id']))}/share","queries":{"type":"Direct","scope":"Anonymous"},"authentication":{"type":"Raw","value":"@json(decodeBase64(triggerOutputs().headers['X-MS-APIM-Tokens']))['$ConnectionKey']"}}},"Get_file_metadata":{"runAfter":{},"metadata":{"flowSystemMetadata":{"swaggerOperationId":"GetFileMetadata"}},"type":"ApiConnection","inputs":{"host":{"api":{"runtimeUrl":"https://india-001.azure-apim.net/apim/sharepointonline"},"connection":{"name":"@json(decodeBase64(triggerOutputs().headers['X-MS-APIM-Tokens']))['$connections']['shared_sharepointonline']['connectionId']"}},"method":"get","path":"/datasets/@{encodeURIComponent(encodeURIComponent('https://apijedi.sharepoint.com/sites/ThatAPIGuy'))}/files/@{encodeURIComponent(triggerBody()['Getfilecontent_FileIdentifier'])}","authentication":{"type":"Raw","value":"@json(decodeBase64(triggerOutputs().headers['X-MS-APIM-Tokens']))['$ConnectionKey']"}}}},"outputs":{}},"connectionReferences":{"shared_sharepointonline":{"connectionName":"ea6202cec2784e9f86292c095f1e3514","source":"Invoker","id":"/providers/Microsoft.PowerApps/apis/shared_sharepointonline","tier":"NotSpecified"},"shared_onedriveforbusiness":{"connectionName":"shared-onedriveforbu-189e94fa-f722-493f-b2a8-fe64f3a6b0d0","source":"Invoker","id":"/providers/Microsoft.PowerApps/apis/shared_onedriveforbusiness","tier":"NotSpecified"}},"flowFailureAlertSubscribed":false}}